{"stats":{"minecraft:custom":{"minecraft:mob_kills":24,"minecraft:interact_with_crafting_table":59,"minecraft:interact_with_campfire":66,"minecraft:bell_ring":3,"minecraft:leave_game":5,"minecraft:time_since_death":23057,"minecraft:climb_one_cm":36083,"minecraft:sprint_one_cm":578353,"minecraft:walk_one_cm":673620,"minecraft:drop":419,"minecraft:talked_to_villager":3,"minecraft:play_time":447478,"minecraft:deaths":7,"minecraft:sneak_time":5312,"minecraft:walk_under_water_one_cm":81124,"minecraft:boat_one_cm":971531,"minecraft:jump":3521,"minecraft:walk_on_water_one_cm":63888,"minecraft:total_world_time":447478,"minecraft:interact_with_furnace":22,"minecraft:sleep_in_bed":7,"minecraft:time_since_rest":22933,"minecraft:damage_taken":4678,"minecraft:damage_dealt":5160,"minecraft:swim_one_cm":279227,"minecraft:fly_one_cm":501110,"minecraft:open_chest":99,"minecraft:crouch_one_cm":6649,"minecraft:fish_caught":66,"minecraft:fall_one_cm":103038},"minecraft:crafted":{"minecraft:oak_door":3,"minecraft:oak_planks":106,"minecraft:cobblestone_slab":126,"minecraft:stone_shovel":1,"minecraft:fishing_rod":1,"minecraft:furnace":1,"minecraft:spruce_fence":162,"minecraft:iron_axe":1,"minecraft:ladder":3,"minecraft:iron_hoe":1,"minecraft:stone_pickaxe":1,"minecraft:chest":3,"minecraft:spruce_boat":1,"minecraft:stone_hoe":1,"minecraft:oak_fence":3,"minecraft:crafting_table":16,"minecraft:spruce_planks":332,"minecraft:iron_helmet":1,"minecraft:wooden_pickaxe":1,"minecraft:iron_sword":1,"minecraft:bucket":1,"minecraft:campfire":2,"minecraft:bread":7,"minecraft:stone_axe":1,"minecraft:oak_boat":1,"minecraft:diamond_pickaxe":1,"minecraft:iron_chestplate":1,"minecraft:charcoal":7,"minecraft:stick":164,"minecraft:iron_ingot":30,"minecraft:iron_pickaxe":1,"minecraft:oak_stairs":20,"minecraft:stone_sword":2,"minecraft:iron_shovel":1,"minecraft:iron_leggings":1,"minecraft:shears":1},"minecraft:dropped":{"minecraft:enchanted_book":2,"minecraft:stone_hoe":1,"minecraft:water_bucket":1,"minecraft:bread":5,"minecraft:moss_block":62,"minecraft:wheat_seeds":2,"minecraft:crafting_table":1,"minecraft:cobblestone":77,"minecraft:granite":8,"minecraft:cod":2,"minecraft:pufferfish":5,"minecraft:diorite":11,"minecraft:cooked_cod":7,"minecraft:dried_kelp":22,"minecraft:sand":3,"minecraft:flowering_azalea":1,"minecraft:iron_axe":1,"minecraft:tripwire_hook":1,"minecraft:fishing_rod":10,"minecraft:bone":1,"minecraft:stone_axe":1,"minecraft:kelp":263,"minecraft:sugar_cane":2,"minecraft:stone_sword":1,"minecraft:cobbled_deepslate":2,"minecraft:stone_shovel":1,"minecraft:rotten_flesh":2,"minecraft:oak_planks":44,"minecraft:fern":1,"minecraft:salmon":1,"minecraft:filled_map":1,"minecraft:purple_bed":1,"minecraft:ladder":1,"minecraft:oak_boat":1,"minecraft:azalea":2,"minecraft:chest":1,"minecraft:arrow":4,"minecraft:bow":1,"minecraft:campfire":1,"minecraft:stone_pickaxe":1,"minecraft:nautilus_shell":1,"minecraft:oak_leaves":119},"minecraft:broken":{"minecraft:stone_pickaxe":1},"minecraft:killed_by":{"minecraft:zombie_villager":1,"minecraft:skeleton":1,"minecraft:zombie":2},"minecraft:mined":{"minecraft:spruce_planks":1,"minecraft:oak_sapling":1,"minecraft:oak_door":1,"minecraft:spruce_trapdoor":1,"minecraft:cave_vines_plant":1,"minecraft:granite":15,"minecraft:grass_block":24,"minecraft:spruce_fence":5,"minecraft:spruce_leaves":3,"minecraft:kelp":35,"minecraft:moss_block":67,"minecraft:rooted_dirt":10,"minecraft:large_fern":2,"minecraft:tall_seagrass":3,"minecraft:furnace":2,"minecraft:iron_ore":18,"minecraft:andesite":29,"minecraft:deepslate_lapis_ore":4,"minecraft:gold_block":3,"minecraft:deepslate_iron_ore":12,"minecraft:cobblestone_slab":5,"minecraft:oak_stairs":2,"minecraft:azalea":1,"minecraft:stone":151,"minecraft:kelp_plant":277,"minecraft:torch":1,"minecraft:crafting_table":14,"minecraft:chest":2,"minecraft:rose_bush":2,"minecraft:copper_ore":9,"minecraft:tall_grass":4,"minecraft:oak_planks":4,"minecraft:sugar_cane":4,"minecraft:wall_torch":1,"minecraft:blue_bed":5,"minecraft:diorite":20,"minecraft:seagrass":1,"minecraft:purple_bed":1,"minecraft:coarse_dirt":3,"minecraft:wheat":17,"minecraft:spruce_log":94,"minecraft:grass":54,"minecraft:oak_log":71,"minecraft:coal_ore":29,"minecraft:gravel":1,"minecraft:sand":21,"minecraft:dirt":35,"minecraft:oak_leaves":128,"minecraft:deepslate":3},"minecraft:picked_up":{"minecraft:fishing_rod":16,"minecraft:coarse_dirt":3,"minecraft:crafting_table":19,"minecraft:wheat":21,"minecraft:ladder":2,"minecraft:lead":4,"minecraft:wooden_pickaxe":2,"minecraft:oak_stairs":2,"minecraft:enchanted_book":4,"minecraft:potion":1,"minecraft:golden_sword":1,"minecraft:iron_shovel":2,"minecraft:cooked_salmon":3,"minecraft:string":9,"minecraft:moss_carpet":10,"minecraft:raw_copper":35,"minecraft:iron_axe":3,"minecraft:iron_leggings":1,"minecraft:pufferfish":30,"minecraft:cobbled_deepslate":4,"minecraft:spruce_planks":12,"minecraft:rose_bush":2,"minecraft:oak_boat":4,"minecraft:cobblestone_slab":6,"minecraft:azalea":5,"minecraft:iron_nugget":14,"minecraft:iron_pickaxe":3,"minecraft:sugar_cane":14,"minecraft:chest":1,"minecraft:egg":2,"minecraft:spruce_trapdoor":1,"minecraft:iron_boots":3,"minecraft:furnace":2,"minecraft:stick":81,"minecraft:raw_iron":30,"minecraft:oak_door":1,"minecraft:copper_ingot":1,"minecraft:torch":5,"minecraft:bowl":2,"minecraft:spruce_fence":5,"minecraft:dried_kelp":142,"minecraft:diorite":20,"minecraft:cooked_cod":24,"minecraft:arrow":11,"minecraft:rotten_flesh":11,"minecraft:stone_sword":2,"minecraft:stone_shovel":2,"minecraft:tropical_fish":2,"minecraft:shears":1,"minecraft:saddle":4,"minecraft:gold_ingot":3,"minecraft:obsidian":1,"minecraft:cod":45,"minecraft:cobblestone":303,"minecraft:nautilus_shell":2,"minecraft:tripwire_hook":3,"minecraft:water_bucket":2,"minecraft:andesite":29,"minecraft:salmon":22,"minecraft:leather":6,"minecraft:golden_leggings":1,"minecraft:fern":1,"minecraft:potato":6,"minecraft:flint":2,"minecraft:oak_log":344,"minecraft:golden_boots":1,"minecraft:gunpowder":2,"minecraft:lapis_lazuli":48,"minecraft:blue_bed":7,"minecraft:dirt":150,"minecraft:paper":14,"minecraft:leather_boots":3,"minecraft:bone":13,"minecraft:apple":1,"minecraft:kelp":1161,"minecraft:bow":1,"minecraft:wheat_seeds":157,"minecraft:iron_ingot":7,"minecraft:stone_pickaxe":2,"minecraft:iron_sword":3,"minecraft:moss_block":124,"minecraft:stone_hoe":2,"minecraft:oak_planks":108,"minecraft:flowering_azalea":1,"minecraft:sand":56,"minecraft:spruce_sapling":20,"minecraft:grass_block":1,"minecraft:spruce_log":94,"minecraft:iron_hoe":2,"minecraft:purple_bed":1,"minecraft:diamond":2,"minecraft:spruce_boat":11,"minecraft:stone_axe":2,"minecraft:campfire":1,"minecraft:iron_helmet":1,"minecraft:granite":21,"minecraft:emerald":3,"minecraft:bread":29,"minecraft:rooted_dirt":20,"minecraft:oak_sapling":11,"minecraft:coal":72,"minecraft:oak_leaves":292,"minecraft:diamond_pickaxe":1,"minecraft:iron_chestplate":2},"minecraft:used":{"minecraft:oak_fence":3,"minecraft:rose_bush":2,"minecraft:stone_sword":36,"minecraft:iron_shovel":25,"minecraft:dried_kelp":43,"minecraft:stone_shovel":24,"minecraft:ladder":4,"minecraft:chest":3,"minecraft:iron_sword":98,"minecraft:cooked_salmon":3,"minecraft:iron_chestplate":2,"minecraft:oak_door":3,"minecraft:torch":4,"minecraft:dirt":37,"minecraft:spruce_fence":93,"minecraft:granite":11,"minecraft:spruce_boat":11,"minecraft:iron_hoe":18,"minecraft:iron_axe":169,"minecraft:oak_stairs":20,"minecraft:iron_helmet":2,"minecraft:iron_boots":2,"minecraft:oak_sapling":9,"minecraft:furnace":3,"minecraft:cooked_cod":11,"minecraft:egg":2,"minecraft:iron_leggings":2,"minecraft:wheat_seeds":36,"minecraft:water_bucket":65,"minecraft:diorite":9,"minecraft:stone_pickaxe":132,"minecraft:oak_planks":28,"minecraft:leather_boots":1,"minecraft:wooden_pickaxe":25,"minecraft:blue_bed":6,"minecraft:sugar_cane":6,"minecraft:cobblestone_slab":132,"minecraft:oak_leaves":25,"minecraft:salmon":12,"minecraft:sand":33,"minecraft:crafting_table":30,"minecraft:campfire":2,"minecraft:cod":6,"minecraft:shears":118,"minecraft:spruce_log":1,"minecraft:oak_log":23,"minecraft:bread":39,"minecraft:iron_pickaxe":147,"minecraft:spruce_trapdoor":1,"minecraft:spruce_sapling":1,"minecraft:stone_axe":39,"minecraft:fishing_rod":89,"minecraft:cobblestone":46,"minecraft:bucket":66,"minecraft:andesite":11,"minecraft:oak_boat":6,"minecraft:kelp":5},"minecraft:killed":{"minecraft:spider":2,"minecraft:phantom":1,"minecraft:skeleton":2,"minecraft:drowned":1,"minecraft:zombie_villager":1,"minecraft:salmon":1,"minecraft:wandering_trader":1,"minecraft:creeper":4,"minecraft:trader_llama":1,"minecraft:pillager":1,"minecraft:zombie":6}},"DataVersion":2975}