{"stats":{"minecraft:custom":{"minecraft:mob_kills":37,"minecraft:interact_with_crafting_table":67,"minecraft:interact_with_campfire":103,"minecraft:bell_ring":5,"minecraft:leave_game":27,"minecraft:time_since_death":65534,"minecraft:climb_one_cm":32469,"minecraft:sprint_one_cm":1061022,"minecraft:walk_one_cm":973750,"minecraft:drop":73,"minecraft:talked_to_villager":1,"minecraft:play_time":555365,"minecraft:deaths":4,"minecraft:sneak_time":24810,"minecraft:walk_under_water_one_cm":44915,"minecraft:boat_one_cm":471254,"minecraft:jump":3090,"minecraft:walk_on_water_one_cm":106997,"minecraft:total_world_time":555365,"minecraft:interact_with_furnace":56,"minecraft:sleep_in_bed":27,"minecraft:time_since_rest":65565,"minecraft:damage_taken":2910,"minecraft:damage_dealt":6269,"minecraft:swim_one_cm":328949,"minecraft:fly_one_cm":545449,"minecraft:open_chest":309,"minecraft:crouch_one_cm":59694,"minecraft:fish_caught":49,"minecraft:fall_one_cm":58004},"minecraft:crafted":{"minecraft:oak_planks":508,"minecraft:stone_shovel":2,"minecraft:fishing_rod":2,"minecraft:furnace":1,"minecraft:bone_meal":18,"minecraft:oak_trapdoor":30,"minecraft:iron_boots":1,"minecraft:iron_axe":3,"minecraft:ladder":51,"minecraft:iron_hoe":1,"minecraft:stone_pickaxe":1,"minecraft:chest":5,"minecraft:oak_fence":3,"minecraft:spruce_sign":3,"minecraft:crafting_table":4,"minecraft:spruce_planks":32,"minecraft:iron_helmet":1,"minecraft:wooden_pickaxe":1,"minecraft:iron_sword":2,"minecraft:bucket":1,"minecraft:stone_axe":5,"minecraft:bread":32,"minecraft:air":0,"minecraft:oak_boat":3,"minecraft:iron_chestplate":2,"minecraft:charcoal":3,"minecraft:stick":164,"minecraft:iron_ingot":63,"minecraft:iron_pickaxe":2,"minecraft:iron_block":1,"minecraft:stone_sword":1,"minecraft:iron_leggings":1,"minecraft:iron_shovel":2,"minecraft:torch":76,"minecraft:shears":1},"minecraft:dropped":{"minecraft:enchanted_book":1,"minecraft:bread":14,"minecraft:iron_sword":1,"minecraft:wheat_seeds":64,"minecraft:oak_log":1,"minecraft:diamond":1,"minecraft:cobblestone":17,"minecraft:granite":1,"minecraft:saddle":1,"minecraft:coal":3,"minecraft:cod":1,"minecraft:stick":64,"minecraft:pufferfish":4,"minecraft:dirt":20,"minecraft:diorite":16,"minecraft:torch":7,"minecraft:cooked_cod":1,"minecraft:dried_kelp":8,"minecraft:string":2,"minecraft:fishing_rod":8,"minecraft:blue_bed":1,"minecraft:tuff":7,"minecraft:rotten_flesh":3,"minecraft:filled_map":1,"minecraft:potato":6,"minecraft:spruce_boat":2,"minecraft:gunpowder":1,"minecraft:leather_boots":1,"minecraft:oak_boat":1,"minecraft:arrow":3,"minecraft:bow":1},"minecraft:broken":{"minecraft:shears":1,"minecraft:wooden_pickaxe":1,"minecraft:iron_axe":1,"minecraft:stone_axe":4,"minecraft:fishing_rod":1,"minecraft:stone_shovel":1},"minecraft:killed_by":{"minecraft:zombie_villager":1},"minecraft:mined":{"minecraft:tuff":7,"minecraft:granite":5,"minecraft:grass_block":137,"minecraft:spruce_leaves":1,"minecraft:kelp":5,"minecraft:moss_block":2,"minecraft:tall_seagrass":2,"minecraft:oak_trapdoor":3,"minecraft:spruce_sapling":1,"minecraft:furnace":2,"minecraft:iron_ore":39,"minecraft:cobbled_deepslate":3,"minecraft:andesite":13,"minecraft:pumpkin":1,"minecraft:moss_carpet":1,"minecraft:deepslate_iron_ore":14,"minecraft:stone":124,"minecraft:kelp_plant":57,"minecraft:crafting_table":9,"minecraft:clay":11,"minecraft:copper_ore":15,"minecraft:cobblestone":8,"minecraft:lapis_ore":1,"minecraft:oak_planks":48,"minecraft:sugar_cane":1,"minecraft:diorite":21,"minecraft:deepslate_copper_ore":4,"minecraft:purple_bed":2,"minecraft:coarse_dirt":3,"minecraft:wheat":164,"minecraft:spruce_log":8,"minecraft:pumpkin_stem":1,"minecraft:grass":246,"minecraft:oak_log":649,"minecraft:coal_ore":82,"minecraft:sand":17,"minecraft:dirt":35,"minecraft:tripwire_hook":1,"minecraft:oak_leaves":405,"minecraft:deepslate":21},"minecraft:picked_up":{"minecraft:fishing_rod":8,"minecraft:coarse_dirt":3,"minecraft:crafting_table":10,"minecraft:iron_chestplate":5,"minecraft:wheat":154,"minecraft:clay_ball":44,"minecraft:gold_block":3,"minecraft:enchanted_book":1,"minecraft:oak_trapdoor":3,"minecraft:string":8,"minecraft:cooked_salmon":3,"minecraft:moss_carpet":1,"minecraft:raw_copper":61,"minecraft:iron_axe":5,"minecraft:iron_leggings":2,"minecraft:iron_shovel":1,"minecraft:pufferfish":10,"minecraft:cobbled_deepslate":25,"minecraft:oak_boat":8,"minecraft:egg":2,"minecraft:iron_pickaxe":5,"minecraft:sugar_cane":5,"minecraft:chest":2,"minecraft:phantom_membrane":1,"minecraft:iron_boots":5,"minecraft:furnace":2,"minecraft:stick":144,"minecraft:raw_iron":53,"minecraft:torch":6,"minecraft:fire_charge":1,"minecraft:dried_kelp":86,"minecraft:diorite":21,"minecraft:rotten_flesh":22,"minecraft:stone_sword":1,"minecraft:arrow":18,"minecraft:stone_shovel":2,"minecraft:cooked_cod":37,"minecraft:saddle":1,"minecraft:mutton":3,"minecraft:cod":36,"minecraft:white_wool":2,"minecraft:cobblestone":192,"minecraft:nautilus_shell":2,"minecraft:feather":1,"minecraft:water_bucket":4,"minecraft:tripwire_hook":1,"minecraft:andesite":13,"minecraft:salmon":15,"minecraft:leather":1,"minecraft:potato":6,"minecraft:filled_map":1,"minecraft:tuff":14,"minecraft:oak_log":1109,"minecraft:gunpowder":3,"minecraft:lapis_lazuli":12,"minecraft:blue_bed":1,"minecraft:dirt":206,"minecraft:leather_boots":1,"minecraft:cooked_mutton":3,"minecraft:bone":18,"minecraft:apple":15,"minecraft:kelp":1545,"minecraft:bow":2,"minecraft:wheat_seeds":451,"minecraft:iron_ingot":1,"minecraft:moss_block":2,"minecraft:oak_planks":57,"minecraft:stone_hoe":1,"minecraft:iron_sword":5,"minecraft:pumpkin":1,"minecraft:sweet_berries":5,"minecraft:sand":37,"minecraft:spruce_sapling":2,"minecraft:ink_sac":1,"minecraft:spruce_log":8,"minecraft:grass_block":1,"minecraft:spider_eye":2,"minecraft:leather_helmet":1,"minecraft:iron_hoe":3,"minecraft:purple_bed":3,"minecraft:spruce_boat":3,"minecraft:stone_axe":1,"minecraft:iron_helmet":3,"minecraft:granite":4,"minecraft:bone_meal":1,"minecraft:spruce_sign":1,"minecraft:bread":9,"minecraft:oak_sapling":153,"minecraft:coal":77,"minecraft:oak_leaves":852},"minecraft:used":{"minecraft:oak_trapdoor":18,"minecraft:oak_fence":1,"minecraft:stone_sword":13,"minecraft:iron_shovel":13,"minecraft:dried_kelp":39,"minecraft:stone_shovel":152,"minecraft:ladder":19,"minecraft:chest":7,"minecraft:iron_sword":134,"minecraft:iron_chestplate":2,"minecraft:torch":60,"minecraft:dirt":42,"minecraft:granite":3,"minecraft:spruce_boat":1,"minecraft:iron_hoe":234,"minecraft:iron_axe":352,"minecraft:iron_helmet":1,"minecraft:iron_boots":3,"minecraft:tripwire_hook":1,"minecraft:oak_sapling":75,"minecraft:furnace":3,"minecraft:cooked_cod":16,"minecraft:egg":1,"minecraft:cobbled_deepslate":3,"minecraft:iron_leggings":1,"minecraft:wheat_seeds":222,"minecraft:cooked_mutton":3,"minecraft:water_bucket":4,"minecraft:diorite":5,"minecraft:stone_pickaxe":122,"minecraft:oak_planks":235,"minecraft:wooden_pickaxe":59,"minecraft:spruce_sign":2,"minecraft:salmon":5,"minecraft:sand":22,"minecraft:crafting_table":14,"minecraft:cod":30,"minecraft:shears":238,"minecraft:oak_log":271,"minecraft:apple":6,"minecraft:bread":28,"minecraft:iron_pickaxe":179,"minecraft:spruce_sapling":2,"minecraft:stone_axe":533,"minecraft:fishing_rod":84,"minecraft:cobblestone":12,"minecraft:purple_bed":3,"minecraft:bucket":5,"minecraft:oak_boat":8,"minecraft:coarse_dirt":3,"minecraft:bone_meal":16},"minecraft:killed":{"minecraft:spider":2,"minecraft:phantom":1,"minecraft:skeleton":8,"minecraft:drowned":3,"minecraft:creeper":3,"minecraft:sheep":2,"minecraft:pillager":1,"minecraft:zombie":13,"minecraft:enderman":1}},"DataVersion":2975}